Workbook

Sheet Raw_Data
A1: Sr.No | B1: Institute Name | C1: Date & Time | D1: Order ID | E1: Edviron order ID | F1: Order Amt | G1: Transaction Amt | H1: Payment Method | I1: payment_mode | J1: Status | K1: Student Name | L1: Phone No. | M1: Vendor Amount | N1: Gateway | O1: Capture Status | P1: Merchant Pricing | Q1: Merchant Pricing Type | R1: Partner Pricing | S1: Partner Pricing Type | T1: Edviron Buying | U1: Edviron Buying type
A2: 1 | B2: SBNM College | C2: 1/4/2025 12:31 | D2: EDVI2711 | E2: ID1 | F2: 3800 | G2: 3802.36 | H2: upi | I2: UPI | J2: SUCCESS | K2: RushikeshPatil | M2: NA | N2: CASHFREE | P2: 2 | Q2: FLAT | R2: 2 | S2: FLAT | T2: 0 | U2: FLAT
A3: 2 | B3: R P College | C3: 11/4/2025 11:51 | D3: EDVI2716 | E3: ID2 | F3: 15000 | G3: 15002.36 | H3: upi | I3: UPI | J3: SUCCESS | K3: Pranav | M3: NA | N3: CASHFREE | P3: 2 | Q3: FLAT | R3: 2 | S3: FLAT | T3: 0 | U3: FLAT
A4: 3 | B4: R P College | C4: 21/4/2025 10:31 | D4: EDVI2722 | E4: ID3 | F4: 10000 | G4: 10002.36 | H4: upi | I4: UPI | J4: SUCCESS | K4: Dattatray | M4: NA | N4: CASHFREE | P4: 2 | Q4: FLAT | R4: 2 | S4: FLAT | T4: 0 | U4: FLAT
A5: 4 | B5: ST MICHAEL'S SCHOOL | C5: 14/11/2025 10:46 | D5: SMED0331 | E5: ID4 | F5: 34325 | G5: 34327.36 | H5: upi | I5: Others | J5: SUCCESS | K5: RUDRANI | M5: NA | N5: EDVIRON_EASEBUZZ | P5: 2 | Q5: FLAT | R5: 2 | S5: FLAT | T5: 0 | U5: FLAT
A6: 5 | B6: ST MICHAEL'S SCHOOL | C6: 1/1/2026 12:15 | D6: SMED0415 | E6: ID5 | F6: 72150 | G6: 72152.36 | H6: upi | I6: Others | J6: SUCCESS | K6: SONAL | M6: NA | N6: EDVIRON_EASEBUZZ | P6: 2 | Q6: FLAT | R6: 2 | S6: FLAT | T6: 0 | U6: FLAT

Sheet Clean_Data
A1: Sr.No | B1: Institute Name | C1: Date & Time | D1: Order ID | E1: Edviron order ID | F1: Order Amt | G1: Transaction Amt | H1: Payment Method | I1: payment_mode | J1: Status | K1: Student Name | L1: Phone No. | M1: Vendor Amount | N1: Gateway | O1: Capture Status | P1: Merchant Pricing | Q1: Merchant Pricing Type | R1: Partner Pricing | S1: Partner Pricing Type | T1: Edviron Buying | U1: Edviron Buying type | V1: Transaction_Date
A2: =Raw_Data!A2 | B2: =Raw_Data!B2 | C2: =Raw_Data!C2 | D2: =Raw_Data!D2 | E2: =Raw_Data!E2 | F2: =Raw_Data!F2 | G2: =Raw_Data!G2 | H2: =Raw_Data!H2 | ... U2: =Raw_Data!U2 | V2: =INT(Raw_Data!C2)
A3: =Raw_Data!A3 | B3: =Raw_Data!B3 | C3: =Raw_Data!C3 | D3: =Raw_Data!D3 | E3: =Raw_Data!E3 | F3: =Raw_Data!F3 | G3: =Raw_Data!G3 | H3: =Raw_Data!H3 | ... U3: =Raw_Data!U3 | V3: =INT(Raw_Data!C3)
A4: =Raw_Data!A4 | B4: =Raw_Data!B4 | C4: =Raw_Data!C4 | D4: =Raw_Data!D4 | E4: =Raw_Data!E4 | F4: =Raw_Data!F4 | G4: =Raw_Data!G4 | H4: =Raw_Data!H4 | ... U4: =Raw_Data!U4 | V4: =INT(Raw_Data!C4)
A5: =Raw_Data!A5 | B5: =Raw_Data!B5 | C5: =Raw_Data!C5 | D5: =Raw_Data!D5 | E5: =Raw_Data!E5 | F5: =Raw_Data!F5 | G5: =Raw_Data!G5 | H5: =Raw_Data!H5 | ... U5: =Raw_Data!U5 | V5: =INT(Raw_Data!C5)
A6: =Raw_Data!A6 | B6: =Raw_Data!B6 | C6: =Raw_Data!C6 | D6: =Raw_Data!D6 | E6: =Raw_Data!E6 | F6: =Raw_Data!F6 | G6: =Raw_Data!G6 | H6: =Raw_Data!H6 | ... U6: =Raw_Data!U6 | V6: =INT(Raw_Data!C6)

Sheet Calc_Model
A1: Order ID | B1: Transaction Amt | C1: Merchant_Pricing_INR | D1: Partner_Pricing_INR | E1: Edviron_Buying_INR | F1: ERP Revenue | G1: Edviron Net Revenue | H1: Edviron Gross Revenue | I1: Gateway Fee | J1: ERP Payable | K1: Edviron Retained | L1: Pending Exposure
A2: =Clean_Data!D2 | B2: =Clean_Data!G2 | C2: =IF(Clean_Data!Q2="FLAT",Clean_Data!P2,Clean_Data!G2*Clean_Data!P2/100) | D2: =IF(Clean_Data!S2="FLAT",Clean_Data!R2,Clean_Data!G2*Clean_Data!R2/100) | E2: =IF(Clean_Data!U2="FLAT",Clean_Data!T2,Clean_Data!G2*Clean_Data!T2/100) | F2: =C2-D2 | G2: =D2-E2 | H2: =F2+G2 | I2: =Clean_Data!G2-Clean_Data!F2 | J2: =F2 | K2: =G2 | L2: =IF(Clean_Data!J2<>"SUCCESS",Clean_Data!G2,0)
A3: =Clean_Data!D3 | B3: =Clean_Data!G3 | C3: =IF(Clean_Data!Q3="FLAT",Clean_Data!P3,Clean_Data!G3*Clean_Data!P3/100) | D3: =IF(Clean_Data!S3="FLAT",Clean_Data!R3,Clean_Data!G3*Clean_Data!R3/100) | E3: =IF(Clean_Data!U3="FLAT",Clean_Data!T3,Clean_Data!G3*Clean_Data!T3/100) | F3: =C3-D3 | G3: =D3-E3 | H3: =F3+G3 | I3: =Clean_Data!G3-Clean_Data!F3 | J3: =F3 | K3: =G3 | L3: =IF(Clean_Data!J3<>"SUCCESS",Clean_Data!G3,0)
A4: =Clean_Data!D4 | B4: =Clean_Data!G4 | C4: =IF(Clean_Data!Q4="FLAT",Clean_Data!P4,Clean_Data!G4*Clean_Data!P4/100) | D4: =IF(Clean_Data!S4="FLAT",Clean_Data!R4,Clean_Data!G4*Clean_Data!R4/100) | E4: =IF(Clean_Data!U4="FLAT",Clean_Data!T4,Clean_Data!G4*Clean_Data!T4/100) | F4: =C4-D4 | G4: =D4-E4 | H4: =F4+G4 | I4: =Clean_Data!G4-Clean_Data!F4 | J4: =F4 | K4: =G4 | L4: =IF(Clean_Data!J4<>"SUCCESS",Clean_Data!G4,0)
A5: =Clean_Data!D5 | B5: =Clean_Data!G5 | C5: =IF(Clean_Data!Q5="FLAT",Clean_Data!P5,Clean_Data!G5*Clean_Data!P5/100) | D5: =IF(Clean_Data!S5="FLAT",Clean_Data!R5,Clean_Data!G5*Clean_Data!R5/100) | E5: =IF(Clean_Data!U5="FLAT",Clean_Data!T5,Clean_Data!G5*Clean_Data!T5/100) | F5: =C5-D5 | G5: =D5-E5 | H5: =F5+G5 | I5: =Clean_Data!G5-Clean_Data!F5 | J5: =F5 | K5: =G5 | L5: =IF(Clean_Data!J5<>"SUCCESS",Clean_Data!G5,0)
A6: =Clean_Data!D6 | B6: =Clean_Data!G6 | C6: =IF(Clean_Data!Q6="FLAT",Clean_Data!P6,Clean_Data!G6*Clean_Data!P6/100) | D6: =IF(Clean_Data!S6="FLAT",Clean_Data!R6,Clean_Data!G6*Clean_Data!R6/100) | E6: =IF(Clean_Data!U6="FLAT",Clean_Data!T6,Clean_Data!G6*Clean_Data!T6/100) | F6: =C6-D6 | G6: =D6-E6 | H6: =F6+G6 | I6: =Clean_Data!G6-Clean_Data!F6 | J6: =F6 | K6: =G6 | L6: =IF(Clean_Data!J6<>"SUCCESS",Clean_Data!G6,0)

Sheet Reports
A1: Total Transactions | B1: =COUNTA(Calc_Model!A2:A6)
A2: Total GMV | B2: =SUM(Calc_Model!B2:B6)
A3: ERP Revenue | B3: =SUM(Calc_Model!F2:F6)
A4: Edviron Net Revenue | B4: =SUM(Calc_Model!G2:G6)
A5: Edviron Gross Revenue | B5: =SUM(Calc_Model!H2:H6)

Sheet Dashboard

Sheet Assumptions_Notes
A1: Revenue Logic & Assumptions: 1. All pricing converted to INR per transaction. 2. ERP Revenue = Merchant − Partner. 3. Edviron Net Revenue = Partner − Buying. 4. Edviron Gross Revenue = ERP + Net. 5. Gateway Fee = Transaction Amount − Order Amount. 6. SUCCESS treated as settled. 7. Flat/% logic dynamic and scalable.
